transaction_id,date,account_number,transaction_type,amount,currency,status,merchant,location
04cecc08-8a0e-4ba7-97a4-9fb4a5ee0603,2024-08-09,GB06RAVX83256536755453,Deposit,559.01,USD,Completed,Fox LLC,Kevinbury
0e3a7b5d-e186-473b-aea6-6240bef8e24e,2024-02-26,GB58RCWP42636196284598,Deposit,4199.78,EUR,Pending,"Chavez, Rodriguez and Rice",North Dominique
385c1b40-9293-4e89-9999-7213f10b1e85,2024-10-04,GB25LIPA89673250948425,Withdrawal,1230.65,CHF,Pending,Mcneil-Rhodes,Stephenfurt
c0d1601d-c5f9-4b7c-910d-bb50b559dfb1,2024-02-29,GB81ATQO41610240140717,Payment,4783.28,GBP,Failed,Browning Ltd,North Christown
1bf69d49-18d7-44ed-b55b-352b950663f0,2024-12-28,GB46FIVO06406646760466,Payment,543.13,GBP,Failed,"Terry, Riddle and Hampton",Johnburgh
7619b630-94c6-4c31-8b0f-cef499b4e716,2024-10-30,GB40VFTM71330326808423,Transfer,4938.81,GBP,Failed,"Bennett, Blair and Mitchell",New Oscar
a704ced8-e655-4ebb-ad23-1218afce5ef6,2025-01-27,GB67UBUW82651655122977,Payment,628.18,EUR,Failed,"Herring, Ford and Ortiz",Schmidtfurt
6b7cd691-a110-48e5-8097-792f04454431,2024-06-28,GB94DSNR71211327393276,Payment,1106.86,GBP,Failed,"Williams, Elliott and Day",North Isabellatown
04011f10-cbde-4c91-96b4-b7f8f1313bdc,2024-07-16,GB61YTZS49835850252939,Deposit,3249.59,EUR,Pending,Rios-Ramos,Tommymouth
5d796856-739f-4ac5-ba57-0c604dcfa62e,2024-04-01,GB31OTJU15574258449851,Transfer,2153.38,USD,Pending,Collins Ltd,Wonghaven
bf762434-1f9f-4e2f-9dab-73fa28831a7f,2024-10-22,GB23AALT26649524584460,Withdrawal,2510.8,EUR,Completed,Sharp-Brown,Belltown
7c85c57c-9f3f-4e46-a1a3-dc7d0823a4f9,2025-01-28,GB16VRIB97152228619346,Payment,1516.89,USD,Pending,Castro and Sons,Wrightberg
53da934e-64f0-49e6-a5cd-3cc8a3c93e18,2024-11-27,GB70RRVI22715296881367,Withdrawal,4170.22,EUR,Pending,Ramirez LLC,East Aprilport
0bac6522-da93-4213-adfb-3eac7a3f5091,2024-11-30,GB13ABYQ25287003487721,Deposit,4541.62,USD,Completed,Lopez Inc,West Jamesport
f34f9553-9528-4b06-b517-cd6d764c12eb,2024-09-21,GB95GLQZ35553717729460,Transfer,4597.93,CHF,Failed,Dixon-Carlson,Megantown
e038633f-fcc6-4d48-9fc1-581e34bc4e06,2024-04-07,GB77OLFG29942709615068,Withdrawal,792.18,USD,Completed,"Moore, Mcguire and Price",Port Alexis
a3d52feb-f8c9-47ed-9d38-0e19ab4c796f,2024-07-22,GB84RHBT09126192183496,Withdrawal,2555.92,EUR,Completed,Davis-Jackson,New Carolynport
e14b5bb2-3552-4aeb-bb92-9de9250e8486,2024-11-11,GB83CVCW59819479385720,Payment,513.31,GBP,Failed,"Ochoa, Smith and Black",South Robinberg
c6e198ab-d3c3-440d-8a84-f014762f2350,2024-03-01,GB60GVFP26247120653692,Deposit,3038.82,EUR,Completed,Dixon and Sons,Deleonshire
14ac4e09-0411-421e-b95c-b5de65c6877e,2024-04-30,GB25PXAU29178648356680,Deposit,3404.59,CHF,Pending,James-Mcdaniel,West Philipland
44add046-78bd-40ca-873d-e13b7d309430,2024-09-09,GB36POMC57572014605613,Transfer,1653.62,EUR,Completed,Kim PLC,Brooksstad
58239d2a-95b8-4351-b5ec-9a1beae212e9,2025-01-08,GB03OWCL43557779254138,Payment,1085.99,CHF,Pending,Garner LLC,New Douglas
6852461c-b4f0-4232-b9e9-fc2910017e72,2024-05-29,GB03VMWN10268083177903,Deposit,632.0,USD,Pending,Williams Inc,Sellershaven
17f5ffdb-8603-41cc-b761-95c1bafb8f2e,2024-06-19,GB14FHEX77992209818806,Payment,3503.44,CHF,Pending,Ortiz-Nelson,Shawnport
93b19fad-a6ad-45c4-87d7-89338ac916d4,2025-02-16,GB18OWUH94394124129305,Payment,4454.46,CHF,Failed,Kirby PLC,New Megan
bb6e1611-d498-4c33-8063-65049277bb5a,2024-06-13,GB14YNVL05755232416127,Deposit,2626.55,GBP,Failed,"Chapman, Gilbert and Willis",New Shellyside
9a6f699b-236d-4a80-ab91-53fca5629334,2024-03-20,GB56ZSWO09119515354792,Transfer,186.21,EUR,Completed,"Martin, Johnson and Carter",Brownberg
c7ff53bc-a1ec-4320-ae7e-cd90a9200d43,2024-12-13,GB23PEJT11233228276801,Deposit,4349.49,GBP,Completed,"Jones, Phillips and Wilson",East Kimberly
3a10d960-1720-428e-bcb3-a8323383669e,2025-02-01,GB59ZMOP78690785063758,Transfer,469.84,EUR,Pending,Patel PLC,Peterville
0328db70-f65e-4bf3-83e6-329a9d62ba1c,2024-08-16,GB90JEXN38813026554262,Payment,889.35,EUR,Pending,"Wood, Davis and Evans",Sharonside
d934d218-f706-4823-aa85-e16aa4cd91c4,2024-04-04,GB56MFVM84949111569386,Deposit,4731.36,USD,Completed,Duarte and Sons,Arthurville
404b46f1-246b-4715-9d9b-32b0326d2168,2024-10-21,GB97ZKCM64101252434213,Transfer,4442.5,CHF,Pending,Ramirez Inc,North Cassandraside
bfcef6f4-6799-4bb2-9a53-402a4780c5d1,2024-04-28,GB11HEOS64137599848001,Transfer,1072.48,CHF,Failed,Evans-Strickland,Carlsonport
21fff0b0-d96f-49e4-b1d3-0d18410a838d,2024-03-24,GB90FUSY77765938558858,Withdrawal,1312.36,CHF,Completed,Peterson LLC,Lake David
8a9c3efc-1453-48c3-994e-1257359ead0e,2024-05-28,GB48MIPT11945076150687,Withdrawal,2412.66,GBP,Pending,Price Ltd,East Jacob
bc8fe6c1-b8a7-4d6f-866c-84249a808ac5,2024-08-27,GB17MGCI72233887022966,Transfer,4361.25,CHF,Failed,Ali-Nunez,Lake Matthewport
e72f3629-a0ca-4164-9411-b7d0f3671701,2024-11-20,GB73KTJO36686865985626,Payment,4168.26,USD,Pending,"Macdonald, Thomas and Boyd",Gilbertport
caab24f2-a44a-4e72-8fc5-ca14523e7eb9,2024-04-25,GB03PHJI18531025065866,Transfer,113.89,GBP,Pending,Garcia PLC,Perezton
3cfbee2c-e0e4-4e95-b681-b3ae9832f324,2025-01-01,GB97VEMM58706317223729,Transfer,1241.55,EUR,Completed,"Santana, Martinez and Ellis",Lake Matthew
70413e9b-0cd7-4386-82df-3824af7ba22d,2024-02-28,GB97RAVO12418487489526,Withdrawal,3173.44,EUR,Failed,"Lawson, Valdez and Johnson",Leonardfurt
7508af74-5378-419c-9192-621bd8454842,2025-02-07,GB94WAMY42539657100448,Withdrawal,4959.7,EUR,Failed,Thornton-Dunlap,Jeffreyhaven
c71750cf-a449-4408-afc6-b9986e323c99,2024-11-20,GB69NJBS40864717781667,Withdrawal,514.89,EUR,Failed,Vargas Group,Andresview
26beb830-6507-4e9d-a30b-c258a0916f08,2024-02-24,GB06ADKN18432196659713,Withdrawal,1800.42,CHF,Failed,Weaver LLC,Jaredport
7e14b7b3-e74b-450d-a2bf-bff8669feb7b,2024-04-20,GB93DAFO46683102221637,Transfer,4948.5,CHF,Completed,"Lewis, Gutierrez and Watts",Colleenport
00c3d20f-f9ac-4598-a537-753367e8640d,2024-07-03,GB62XWSC92000097383709,Transfer,2179.84,EUR,Pending,Anderson Inc,Paulachester
ba1e1b2b-fdb8-46f5-b60a-4bf92d92a4e4,2024-10-04,GB32RGNX82949923678209,Transfer,1891.43,CHF,Pending,Bishop Inc,Port Heatherburgh
7f3b448a-a352-4618-94a2-af014d6281ff,2024-11-10,GB61YMGC15860247057185,Payment,3144.58,CHF,Failed,Scott Group,Jeffreybury
51b66da5-739d-4e31-b522-fb92efc6f38f,2024-03-01,GB95NIHX51359833660667,Payment,2012.64,USD,Failed,King-Parks,Chrisside
df2f4d69-f7d5-47ab-9f07-25bfee76134f,2024-10-11,GB67JMIV97730108663387,Transfer,1981.07,EUR,Failed,"Randolph, Moore and Rodriguez",East Keith
c5e64f0a-e527-4cf5-bef6-3a5a3b7c44fc,2024-08-28,GB59OGYN41999725911727,Withdrawal,2452.63,EUR,Completed,White Ltd,Jomouth
0e02aaa2-f92f-475f-b8df-93b94f1ba1f2,2024-08-29,GB15HIHO86701555396705,Payment,3727.59,GBP,Failed,"Hammond, Garza and Watson",Bentonland
c206ca97-6dfa-4aa8-898b-3d7c7d2410a2,2025-01-31,GB94OVFO61694208395963,Payment,529.39,GBP,Pending,"Chavez, Lambert and Phillips",Port Jeffrey
e232bdd2-1090-4f38-be12-5c6c41feb1d9,2025-01-29,GB11NXOW47554177850516,Deposit,1944.58,CHF,Completed,Brown-Fox,Garciabury
fc9bed4f-8a31-42b4-beef-96503e297738,2024-09-02,GB25PISH31378870628710,Withdrawal,4716.72,GBP,Completed,"Griffin, Mendez and Harris",New Jessicachester
57b8fdf3-9df9-4f50-b638-b933c883e270,2024-10-05,GB44NMRP14346770682971,Deposit,4843.77,CHF,Failed,Bowman Inc,Lake Monica
7798fb58-6d5c-4151-a4b7-5f55337af0ac,2024-12-20,GB72EEGE96700877819336,Deposit,2664.2,USD,Completed,"Thomas, Arellano and Harris",East Caroline
4f49a8e4-076a-4904-ba8a-39c1fb9b2636,2024-03-29,GB60EJSR89657287185904,Deposit,1470.55,CHF,Pending,"Randall, Davis and Goodman",Port Angela
52ddf70c-c37f-47db-8e48-2c2a9860e12f,2024-04-17,GB66PWVE71704213426393,Deposit,3021.65,USD,Completed,"Giles, Martinez and Acosta",Josephside
40c476ec-2c72-4edf-83f7-db489ca71d5a,2024-12-14,GB55ZMNP42509452758770,Withdrawal,3370.28,GBP,Failed,Rodriguez PLC,Lake Katrinaton
cecb6872-37dd-4d93-b325-09790df66ec8,2024-07-13,GB53CFOD43805341285376,Payment,1575.76,GBP,Failed,"Anderson, Carrillo and Hudson",Floresview
da500942-eca4-4377-8e16-813682b0757e,2024-12-06,GB02XNQX19968430461972,Withdrawal,1319.79,EUR,Failed,Combs-Davis,New Anita
75bf5c39-947f-44b5-b44d-3f4dd8ece4f3,2024-11-07,GB84IHXK03170946971953,Payment,3656.78,GBP,Failed,Garcia-Smith,Lake Chase
ac3f713f-cf9e-430e-9adb-4270b927e846,2024-10-16,GB94PNKW96839428686082,Deposit,1533.93,CHF,Completed,"Hill, Barber and Ayers",Port Katrina
489db3de-9d4c-4d06-a30f-e32dfe5c7a20,2024-08-16,GB09KJWO81863155562525,Deposit,4331.36,USD,Failed,Trevino-Torres,East Denisefurt
44846f07-4b0f-4871-926e-a26df1bf81fd,2024-10-13,GB67JPLO76461476428146,Transfer,599.58,USD,Completed,"Rollins, Fuentes and Garcia",Michaelborough
3cdc66e1-fca6-4ab2-ae23-7e6ad6941c0a,2024-10-24,GB11ZEEC47475621369282,Deposit,3731.64,CHF,Completed,Everett-Swanson,Sheriville
87f3ad5c-7e3b-4bc0-8188-b689bf36ada5,2024-09-23,GB83QHGV39548371190620,Transfer,3336.81,CHF,Pending,"Scott, Murphy and Burke",East Alison
f79e7271-0d7b-4953-8145-216d0d472435,2024-03-13,GB58GNAI04808300261553,Transfer,566.64,GBP,Pending,Stevens-White,North Ericburgh
b6d30f26-236d-4ad8-bbbf-081909bb89a5,2024-10-24,GB34GCSI80864915644029,Payment,4467.16,USD,Pending,"Mitchell, Duarte and Taylor",West Sabrinaville
2453d48d-0c5a-4204-a353-d66e6e7a38d1,2024-09-20,GB11MMWB86188173170207,Withdrawal,2645.22,USD,Failed,Marshall-Williams,Christianfurt
f19cc495-3986-4b66-8ce3-5d3eef14ddd2,2024-11-12,GB25FGVW15440223146897,Transfer,2940.58,CHF,Completed,Willis Inc,North Nataliehaven
49c9a94b-5451-4284-83ba-06167e9286af,2024-07-08,GB56NOYD04878192038754,Deposit,3446.68,GBP,Completed,"Duke, Parker and Hall",East Jessicaburgh
5393302a-09d2-4831-8fba-39da569660b7,2024-04-16,GB31EXIW91088919265026,Payment,946.44,EUR,Failed,Stewart Inc,Freemanmouth
ae261eef-0cb2-44dd-96bb-ce4be52d58a6,2024-07-30,GB02BBYM87196097308198,Transfer,4510.12,USD,Completed,Miller Group,Port Andrea
229fb575-1f77-4348-815d-90f46ebe1954,2024-12-25,GB26QZLB25197406529955,Payment,943.82,CHF,Pending,"Rodgers, Gilmore and Chapman",Dannyburgh
706460ca-3720-4b43-a690-fe55ee51cc7b,2024-08-01,GB45GLFT68422844488817,Transfer,3089.56,USD,Failed,"Hopkins, Martinez and Fowler",Port Elizabethberg
84e7feac-c073-4ea5-ad01-794ce77ebad8,2024-06-19,GB56OZCS34188246054311,Payment,14.39,USD,Pending,Williams-Ramos,North Andrewchester
d63f22c2-cc18-4c22-9b41-30ae0025a572,2024-04-18,GB17DMJM83980428920106,Withdrawal,2607.9,GBP,Completed,Fischer-Johnson,Forbesmouth
856778b4-6214-41a1-992d-78ce50f9f21a,2024-06-18,GB16BAYF09841931332848,Deposit,2749.15,GBP,Pending,Collier PLC,South Stephanie
9e95fd29-ba08-47a4-960d-08352601141f,2024-06-23,GB61ZSXP55226134633252,Payment,1515.05,GBP,Pending,"Rodgers, Hernandez and Johnson",Crystaltown
a69b5421-d44f-4862-bbff-4cd3ba3e3862,2024-05-21,GB17OETG50023559023723,Transfer,3632.6,USD,Pending,Mann Ltd,South Scott
ae5d444f-4ecf-4705-ad36-ac3b406812e7,2024-06-16,GB57MXYO11254770499167,Deposit,3095.17,EUR,Completed,Richardson PLC,Bauerborough
f5c7f764-be73-4472-8015-c6f4eed0a1cf,2024-05-19,GB91ZMOM70887670766502,Payment,60.42,CHF,Completed,Smith Ltd,South William
b793f6b3-fbc3-4e4d-a7bc-af878b977fc3,2024-09-07,GB91TCDY91278578509686,Payment,4496.66,EUR,Completed,Welch-Woods,Port Adamburgh
93152c9a-c372-486d-b2fa-88691c0b8258,2024-03-01,GB90HTXS34782994685842,Payment,1498.46,GBP,Pending,Edwards Ltd,East Natalie
6782c4b3-da6f-46a8-bf1d-72d154792fcd,2024-08-20,GB85NJBN00157487117820,Transfer,3148.89,CHF,Pending,Hopkins-Bailey,South Todd
e35ba0f5-bbb6-48fd-9106-a2d225e01e45,2025-02-08,GB26JJCF31234993847151,Payment,4511.9,GBP,Completed,Schroeder PLC,South Clinton
77b3602a-241f-4eb6-b94f-06a6c2ea0c2b,2024-05-05,GB50HWHE73195426589065,Withdrawal,4873.5,EUR,Failed,Jackson Inc,New Ashleyberg
687abe99-97c0-4647-9962-825045dfab11,2024-08-27,GB70OOJV04525214367003,Transfer,4944.86,GBP,Completed,Meadows-Stewart,South Samanthabury
7fa81dc8-4f5a-4043-93bb-3635f0e58d7e,2024-06-27,GB34HIOX52129763964272,Withdrawal,2512.56,CHF,Failed,Castaneda-Warner,Joshuafurt
1266701b-3f63-43c8-8b8a-77403bcc7910,2024-07-28,GB03ZWXA64806324177979,Payment,4618.84,CHF,Completed,"Russell, Maldonado and Perez",Katelynchester
b9ad39a1-d65f-453f-b071-c7a7298a9f39,2024-12-22,GB17WPTU35525615189634,Transfer,945.78,USD,Failed,"Hamilton, Harper and Lopez",West Hannahhaven
963df8bb-8575-4135-a417-178d0d47d031,2025-02-12,GB31EXAI17435275493707,Withdrawal,1603.95,CHF,Pending,Brown and Sons,Dyerton
2d79adf7-81fd-4be3-8765-071d9e4499ff,2024-03-24,GB89XYFE19797024018112,Withdrawal,3607.83,USD,Completed,"Blanchard, Miller and Jackson",Port Christopher
7939f1cf-a4a5-49c7-a498-e7d80071856f,2024-06-20,GB21DLBI62557590007867,Deposit,2979.71,GBP,Pending,Carney-Miranda,Nathanfurt
ba31434d-8ef8-4517-87b9-b0c6051142a8,2024-10-14,GB86TLHK96960161523189,Transfer,456.93,GBP,Failed,Smith Ltd,New Katelynberg
1c81cab4-66c3-4253-bf3b-538e39f4eca9,2024-10-20,GB83WLBK92083545834531,Transfer,889.79,CHF,Failed,Powell-Villa,Bellshire
8360f601-33cb-49b7-a131-b997dc76561d,2024-10-11,GB40HCXJ66706537719515,Payment,2641.23,EUR,Pending,Aguilar-Clark,East Lauren
ba83802e-f702-41e6-9148-b91570233faa,2024-06-20,GB17TPSN80213244191298,Transfer,1920.42,EUR,Failed,Chambers-Diaz,Lorishire
2dd99033-1983-4def-8e53-f8b126207589,2024-08-23,GB25KLYF24943393569017,Payment,725.48,CHF,Pending,Flores and Sons,West Scott
ed1fa795-8325-4be4-9c4a-4fcab4fe4611,2024-04-03,GB56WNFB85166504814303,Payment,781.84,USD,Completed,Anderson Inc,Chenland
32a300a0-1d50-45e9-a00d-88769f456d1f,2024-09-17,GB54PZAW07507236529475,Transfer,4026.71,CHF,Completed,"Macias, Russell and Torres",Brianfurt
a693872e-92dd-479a-9608-694ecdd98150,2024-06-24,GB74NXOK28987418390620,Deposit,858.91,GBP,Failed,"Potts, Bentley and Green",North Alanbury
97c9892b-b3b5-462d-b88f-049f344b1ed1,2024-11-25,GB46MQEO17615897058813,Transfer,1710.25,CHF,Failed,Garner Group,Tamarafurt
5d817395-4af4-44e3-a52b-b1fec46dd7e7,2024-06-19,GB91OFSJ45531616965593,Withdrawal,4664.85,EUR,Failed,Lopez-Davis,East Zacharyhaven
d4ade1c6-9a7a-43f2-91ad-be27ee126d52,2024-07-09,GB78RHPY34667947528017,Transfer,4216.46,USD,Completed,Garcia-Heath,New Lauratown
565a7bc2-8a25-4472-b700-ddae0f359c25,2024-12-31,GB42PELD14730451395152,Transfer,4198.47,USD,Completed,Jones Ltd,Lake Amber
4f541704-0423-46c5-9c6a-84a53b910065,2024-10-23,GB54HZIY07749178205023,Withdrawal,4967.53,EUR,Failed,Long-Poole,Williamsville
447ff972-41ed-4cf6-9f55-be0bc89980a3,2024-08-15,GB81VXMJ04127212735131,Deposit,3890.83,GBP,Failed,"Jones, Mendoza and Watson",Jerryberg
f72cadba-3366-4200-9c51-46a097620c01,2024-08-04,GB72RTEW09090911734955,Deposit,2039.37,CHF,Completed,Martinez-Murphy,Port Moniqueport
e43d902a-9c77-4f63-8bca-29e0596027fc,2025-01-21,GB75EAED75954191875953,Transfer,1309.93,USD,Pending,Nguyen and Sons,Tylerville
eb31f144-0431-4c8b-8769-8d812e9b0d26,2024-02-29,GB93QQQL79536597308537,Withdrawal,1534.39,EUR,Completed,Harris PLC,West Kennethmouth
882598a6-ad0e-4e0a-b748-5387d635928e,2024-10-01,GB19RTWC72487775589211,Payment,2398.89,CHF,Pending,Cobb-Gonzales,Anthonyfort
e92a6806-97a5-4f97-b355-69fa6b59f2ed,2024-11-27,GB98DRCT78477780162627,Deposit,1183.5,USD,Completed,Scott Inc,West Albert
a665c060-53d2-402f-b5be-ceb096ab31af,2024-12-22,GB55UBJA40881927358648,Transfer,4720.96,GBP,Completed,Ball-Edwards,New Matthewport
e146619c-dae0-4a2e-a8cd-7ce7fee820e7,2024-05-08,GB67XLLI95857669248608,Withdrawal,2437.55,CHF,Failed,Marsh and Sons,North Rodney
5063871b-0f76-4943-bb64-9fc5ea43458c,2024-04-18,GB67PXAE29220705674972,Deposit,3024.12,CHF,Pending,Thomas and Sons,Gailburgh
2729e891-928d-444e-8998-fade765e7375,2024-07-21,GB03UXMZ65494050522749,Payment,2780.85,EUR,Pending,"Chavez, Simmons and Bradford",New Melissafurt
5e1fd938-43ad-4db7-8f02-42ba90884e52,2024-08-13,GB44BTWT62374209603414,Deposit,1455.82,EUR,Completed,Williams Ltd,Port Gregoryland
25ef6c42-da36-4e71-bfcd-0925c34c840a,2024-07-27,GB19IBME94995678416957,Payment,1099.66,GBP,Failed,"Hubbard, Austin and Bryan",South Ryan
1a036433-3c7b-4911-897b-bae71dd64105,2024-10-02,GB84EARL93633675946876,Withdrawal,344.6,EUR,Completed,Gomez LLC,East Johnnymouth
b460b90e-1883-43c7-baeb-cdef14705ebe,2024-03-02,GB61SXMX55958584278960,Transfer,4272.64,USD,Pending,Gray PLC,South Roger
53be863c-aae8-4216-b29b-c23f54980bcc,2024-03-22,GB71TEZJ61901448966196,Transfer,3381.41,CHF,Failed,Tanner-Reid,North Deborah
176fa367-8cbe-4fc1-8e1d-8faf143f1c97,2025-01-23,GB33JNCO20332151565153,Deposit,3791.52,EUR,Pending,"Phelps, Gutierrez and Warner",South Vanessafort
fd637439-1e85-4b4f-948a-7da34acf4f60,2025-01-28,GB32AVBZ74981152602852,Payment,3351.2,USD,Pending,Curtis Inc,Kaitlynville
67b5b852-1c9f-4ab3-ac09-5b0cb38e03fa,2024-10-15,GB60FEWH85221188560924,Deposit,41.2,USD,Completed,Peters-Young,Lake Barbara
4a30652d-3461-4088-85e5-967b198638cc,2024-12-06,GB04IAAF02090634704534,Payment,3709.19,GBP,Completed,Garcia-Rice,Lopezside
a76b3163-59fc-4db8-afe9-c67d845b29dc,2024-09-16,GB22UINZ70732287808281,Withdrawal,2330.99,EUR,Pending,Henson-Vasquez,Annville
9e6b33be-19f6-4f20-8c12-f414dbc7b101,2024-05-20,GB40VDSU47397607648545,Deposit,4854.27,EUR,Pending,Arnold Inc,Blankenshipberg
0252af77-d52a-49ad-9680-9119dd244205,2024-04-19,GB65NMTT36348264847623,Transfer,636.14,USD,Pending,Hampton Inc,Susanbury
d5539f62-d5c5-479e-abfc-b969c362deee,2024-03-18,GB19MZXS11223288221524,Payment,2647.97,EUR,Completed,"Lopez, Bryant and Ortiz",Justinfurt
5c11a005-7e5b-4510-85c5-4eb567a85a93,2024-11-09,GB70AAYO85674338505337,Transfer,2382.76,USD,Failed,Woods PLC,Lake Lisafurt
ec5d9106-d7e9-489a-9a7a-ef0c8a9d6ec4,2024-12-28,GB33SMKS80195621403659,Transfer,766.29,USD,Pending,Washington-Brown,New Mollyport
44cba338-df61-418c-9842-d6056726cadc,2025-02-20,GB97NQDJ43739975805284,Transfer,1710.74,CHF,Pending,"Jenkins, Thomas and Torres",Stephaniehaven
3c2ec4d7-2a14-4c72-a415-f80eeacaf2fc,2024-03-09,GB73MTQW13144217412536,Withdrawal,360.01,USD,Pending,"Coffey, Porter and Sutton",Fritzside
a8e08cd5-8e64-4d55-8881-e3f7205716d2,2024-07-17,GB46UQGM80127451515830,Payment,2729.19,CHF,Completed,Peterson and Sons,Ginaport
050f9e55-1694-42a9-a395-b593836303e3,2025-01-26,GB81IVVQ32958070195215,Payment,658.65,CHF,Pending,Quinn-Ritter,Lake Laurenville
82f1e237-63be-426c-8b07-8222611a0077,2024-05-23,GB59BXUG96753320580004,Withdrawal,1290.09,EUR,Completed,Fuller-Ochoa,Jermaineborough
0fe1b169-f3b8-4800-b012-ca24a51a9961,2024-11-10,GB77XKIP16785346357929,Withdrawal,4454.02,GBP,Pending,Gates and Sons,Padillafort
2a60f9bc-9050-4835-b38a-7ad053abd633,2025-02-04,GB70NZBK91164775516802,Deposit,3284.95,GBP,Failed,Smith-Conway,West Tiffanyburgh
2f721e9c-7bf5-4f05-917a-eb38f23a625b,2024-03-20,GB98DNWQ52909640141042,Payment,1501.64,GBP,Pending,"Williams, Harrison and Brown",Lake Jeffreyfurt
f4061c26-00f6-4de2-8908-24431002740e,2025-01-01,GB25YZHF47984757595104,Deposit,4565.36,CHF,Failed,"Noble, Payne and Ortiz",Joshuastad
6095da04-ffec-416c-938a-400c85ab36df,2024-10-24,GB40BECR85496002454265,Withdrawal,905.64,EUR,Completed,"Gutierrez, Reed and Hampton",Fostershire
1b8f0a87-c89a-4e4b-9843-da50e8818b35,2024-07-26,GB35QTSA95539121582265,Deposit,4772.73,GBP,Pending,"Cooper, Howe and Jones",West David
eb08f8bc-b7cd-4633-a2c2-0e06d03a97c7,2024-08-24,GB60JAFM93204319153928,Withdrawal,4140.9,EUR,Completed,Reed-West,Swansonmouth
f929c829-55ab-44af-8435-d637c76289eb,2024-08-17,GB36NZTA99458500391346,Withdrawal,4236.97,CHF,Failed,Ramos and Sons,Jacquelineport
b9ead004-6600-4d94-b759-b42413cddaa9,2024-08-28,GB86YOMB44692854296214,Deposit,331.5,EUR,Completed,White-Jenkins,Rodriguezchester
41bc9215-6230-429f-b35d-11e2534a5d1f,2024-03-15,GB64OUPP03838843939863,Withdrawal,2494.09,CHF,Pending,"Gray, Bryant and Richardson",Clarkmouth
fefc347f-6ea5-4a1c-9f6a-57899e1b008e,2024-10-27,GB73JBSH74334241208445,Transfer,2204.98,GBP,Pending,Wilson-Phillips,Hansenfurt
eb44c207-e59e-44ff-8e77-f35ca57d2d1c,2024-07-18,GB62XQHQ83759161427618,Payment,2812.36,CHF,Pending,"Washington, Vazquez and Aguirre",South Anthony
9f69261b-9b00-4931-b3a7-ca4bf4a27283,2025-02-21,GB29ZVKD17992970326193,Deposit,2689.53,EUR,Completed,Weaver LLC,Hannahchester
f398cd3b-16e3-4bff-8d4b-8c5b39aa19b6,2024-12-11,GB89XGOA50791872857359,Transfer,995.72,USD,Failed,Wise-Ramsey,Paultown
1a548bab-f3d1-4237-b928-bdb5f220c56c,2024-03-08,GB82RRKX58106641670536,Payment,4004.36,EUR,Completed,Burke-Mccormick,Jimenezland
f4a76111-add9-4257-8c25-dd1117c5835e,2024-09-10,GB85ICAR63578038276568,Withdrawal,1872.31,CHF,Completed,Dunlap PLC,Johnburgh
c7b2007e-e9d2-41f8-ab87-095588dd3f61,2024-05-30,GB67LGXH08377272318651,Payment,952.63,USD,Completed,"Lewis, Powers and Owens",Port Jeannefurt
1fd77ab7-d2c1-4930-a913-a4a779bbf300,2024-03-24,GB29XJYG30667215743807,Deposit,1012.08,USD,Failed,Simpson Ltd,Frankport
aac2be65-93f6-4da6-a8c4-234674dbf22b,2024-11-24,GB49CQDL54898881211242,Deposit,4677.08,EUR,Pending,Smith LLC,Port Charles
13cb5d5c-85fb-49a0-80b6-7bc223765525,2024-03-18,GB39AZYR75809107113002,Deposit,3819.64,EUR,Failed,Martinez PLC,East Laura
65944970-dcef-4b14-ae67-944d463a34fc,2024-03-08,GB56IEAH95857828560858,Withdrawal,982.68,EUR,Completed,Allen-Wheeler,Port Stephanie
28fed6ae-2d63-443a-9c77-8d2bfdfc38c3,2024-12-24,GB15JOOL88630183254945,Deposit,899.85,CHF,Completed,Brown Inc,Flowersborough
f6679a9b-a839-4b9e-908d-5cf98566a88b,2024-11-21,GB18BESW70227033801187,Deposit,2199.36,EUR,Failed,Chan Group,Marcusville
befd6b9e-9185-494d-a732-12cfb7496846,2024-12-23,GB90VRID06151112781600,Withdrawal,2652.4,EUR,Completed,"Christian, Andrews and Brooks",Hahnville
be9e36fd-6b93-44d8-bc3b-67b6325e1288,2025-01-19,GB06BGLX79131035663037,Transfer,56.76,USD,Pending,Johnson LLC,North Alexbury
f31a7f6d-43ee-4e32-bdbf-80875a0a277f,2024-12-25,GB88RCRZ00617724687003,Withdrawal,949.02,CHF,Completed,Jimenez Inc,Jacksonmouth
75c0e9d0-362b-40f9-a553-e76a029d34e8,2025-01-13,GB91NBUH02768555142093,Deposit,2701.38,EUR,Completed,"White, Scott and Harrington",Velasquezchester
28eb9296-b60a-424a-9597-1bd396ea9eee,2024-12-27,GB82GBZM91469653191336,Payment,979.81,CHF,Failed,"Clark, Avery and Richardson",Port Greg
35d1ba8a-9331-4f56-870e-f844985284bb,2024-03-03,GB51GPWR55985576713702,Payment,1863.76,EUR,Completed,Brown-Carlson,New Shannonside
462227a1-3bfc-45e5-bc4e-69f32a897a79,2024-11-10,GB81ULGP16169305391317,Transfer,3789.12,EUR,Pending,Willis-Adams,Bartonbury
34ff27b3-0255-407b-a953-9389abdda43d,2025-02-19,GB27JDUQ30670437104350,Withdrawal,1724.28,GBP,Completed,Wall-Ramos,Melissaview
6e48d747-a02d-4da3-bf80-6ed1c933a9c4,2024-12-22,GB84VLZF07803506254884,Transfer,4521.06,CHF,Failed,Davis LLC,Lake Wendymouth
d09404f7-c100-48ba-89db-4bc777715a43,2024-10-13,GB45GRTC54098561274194,Deposit,2218.13,EUR,Pending,"King, Butler and Porter",West Stephenstad
8283fe30-52a1-4af9-ba9b-7c5ab4336f85,2024-04-20,GB94AFWN14334105946048,Deposit,164.74,USD,Failed,Harper Inc,South Brianna
a21c6e94-fe7c-4fe2-8ffe-1e4b479fc25f,2025-02-15,GB48OKUG03941361133301,Withdrawal,3813.19,CHF,Pending,Chambers-Lee,Port Melissaton
04963713-a5c4-46e7-9367-986196672aca,2024-08-05,GB07YJYO94583493051133,Withdrawal,3487.3,EUR,Pending,Edwards-Elliott,Port Johnview
b8706484-dea3-48ec-a1de-8fbffa360446,2024-09-21,GB03DCVG31021274766186,Payment,4886.71,CHF,Failed,Simpson-Larson,North Christopherbury
5e1885ae-0e54-4083-a7d6-30830597a9ac,2024-05-04,GB27SQYP22254832154526,Deposit,890.64,USD,Completed,Reed-Pugh,Mauricemouth
67e2a668-1e7f-4a56-98b9-7e74ccbcf5d8,2024-10-12,GB94GXBS36805059167626,Transfer,884.63,GBP,Pending,Lopez LLC,Huntshire
1875547d-6482-486f-9ca2-2648be2a87ed,2024-12-16,GB87KOIP68935059284671,Withdrawal,3965.43,EUR,Failed,"Smith, Morris and Duffy",West Gregoryberg
ec03aa16-5558-42df-87e2-7bb3136e0fe0,2024-11-30,GB36DOAY11796413737806,Transfer,4972.71,CHF,Failed,"Martinez, Hunt and Parker",East Adam
ec335e06-1c0b-42e5-bf41-b83aed28a222,2024-12-20,GB49QKEV01754584860592,Withdrawal,3364.68,CHF,Completed,Gutierrez Group,West Jennifer
953546ca-5863-42d0-adf0-87221e85b301,2024-08-18,GB67AHJC24042248213493,Withdrawal,4238.05,EUR,Failed,Anderson and Sons,West Davidtown
63245a0c-9a65-431b-ace0-e15e6bdbaa18,2024-12-27,GB13XQTD39251245838499,Deposit,950.03,GBP,Pending,Torres and Sons,East Cassandra
27a9e63e-225d-4812-b8a1-d44b33f9f3a1,2024-10-08,GB48AAFQ67761606857672,Payment,4165.14,USD,Completed,"Burgess, Harper and Allen",Lake Justin
58696247-88f1-4a45-8631-aa2f9743ed88,2024-09-19,GB78CLUL47582054691965,Transfer,4343.16,USD,Completed,Shields Inc,Gomezchester
309c9d3d-49fc-4f90-b248-b229d376b0e3,2024-07-03,GB64AGUN46359428859986,Deposit,3291.2,USD,Completed,Gutierrez-Hall,South Carrie
982a6de1-cd27-4dc4-ab9f-410bfd0c6817,2024-10-09,GB77EUYB87620500937205,Withdrawal,1990.58,CHF,Completed,"Moss, Alexander and Lynch",West Jenniferberg
0a37b64b-8069-4c75-98c2-f2c808eb6ae8,2025-02-19,GB37MJFP82130813482197,Payment,1633.2,USD,Completed,"Stevens, Lutz and Wilkinson",South Christopherview
025ce224-e3e5-4038-bd91-654c749235fb,2024-02-28,GB30ZWVH36639044239996,Payment,1894.63,CHF,Pending,Hall LLC,Floresside
869891dc-fdf6-4872-9fdb-d47bc620962f,2025-01-20,GB36PTVO99475413051393,Deposit,3802.57,USD,Failed,Gillespie-Smith,South Ryanport
0e1b03a8-6920-4e18-9d90-71587d04b641,2024-11-15,GB76THYK93744064788670,Deposit,3341.98,GBP,Pending,"May, Carr and Turner",Lake Caitlin
8ab289ff-6f86-483f-bfc8-0031c145a8e3,2025-02-05,GB18NGQT29811084582092,Payment,1303.38,USD,Completed,Miller and Sons,Patriciaburgh
3e0e781b-2ac0-4aee-b6b2-87eeeed81ac7,2025-01-08,GB47TPZB80690398170293,Payment,4556.13,GBP,Failed,Tucker PLC,Edwardsfort
8edd5707-921e-4f96-842f-eef0c4775673,2024-05-17,GB70QZQM26215858456913,Transfer,1469.54,CHF,Completed,"Coleman, Richardson and Velasquez",Diazmouth
ea22e10c-6575-4d41-aa30-7b3eba6401b0,2024-03-24,GB83QVTU98937869370847,Payment,1003.86,EUR,Completed,Greene-Lewis,Maddoxfort
1fb803f7-5da2-465b-9c56-5130e1887a58,2024-06-05,GB61AYAN88708600626698,Transfer,975.87,CHF,Completed,Reyes-Morales,North Darryl
56e091d9-e6b9-4322-8ed4-94b315b28f98,2024-11-27,GB69WRIO75543281512437,Withdrawal,326.45,USD,Failed,Everett-George,Gregoryfort
1d7be56b-f8d7-422b-a7a1-a0240d39ed54,2024-07-21,GB78KKKG02366134773121,Deposit,845.36,GBP,Pending,Barry Inc,Port Josephhaven
06678a64-aa24-409e-afe7-6802b10b6e25,2024-06-14,GB97AKRN20588982046549,Payment,2105.57,EUR,Failed,"Mullen, Smith and Rodriguez",Port William
40ccc60a-defb-47c8-b0ff-e1436b3c5058,2025-01-10,GB92GNLZ99773966326474,Payment,3491.91,USD,Pending,Smith Inc,North Anthony
581bdb24-fb9b-4e73-861d-bd0633984d38,2024-05-22,GB60AETH48633535555080,Payment,59.77,CHF,Completed,Graham-Beck,North Miranda
3d5f4ed8-2ee7-4951-9bf1-db14e7b89eb1,2024-12-20,GB46MYHS86851739282810,Payment,4063.21,GBP,Completed,Scott Ltd,Sandersview
23c414ce-495a-4c93-b335-2b9dca051882,2024-04-17,GB06OQWV98573257720712,Withdrawal,1700.5,EUR,Completed,Martinez and Sons,Port James
65187621-9c27-478a-a421-7eba0f3aacd2,2025-01-09,GB09GCEJ04564782767839,Deposit,3636.42,USD,Pending,"Mccoy, Mullins and Underwood",Lake Kevin
d9e55035-a759-4157-92d6-894c31bc0a0a,2024-09-25,GB80OWHR86773737824503,Deposit,3391.04,EUR,Failed,Freeman Ltd,East Melissa
c8c3b829-2bc4-4b89-96e7-cd6303b4e8ba,2024-09-15,GB58QWAO40260361223867,Transfer,3036.6,USD,Completed,Ramirez-Woodward,South Barry
3d96cad1-f8b0-4495-ab57-b67e3a029393,2024-03-05,GB37ANGS41343695384363,Transfer,1340.02,GBP,Failed,Harper-Brown,Smithbury
4acba79a-50b0-4eea-a8ea-df4ead2e5a18,2024-08-28,GB02LPIB97685361651561,Withdrawal,3071.3,CHF,Failed,Lamb Ltd,North Deborah
54daa8e0-5395-4ea9-b238-be6ea4ae2786,2024-05-23,GB54DVWM05972976225008,Withdrawal,1668.53,GBP,Pending,Wallace-Davies,West Diana
7c98999b-087c-45f0-b9cc-03995f8baa1c,2025-02-13,GB14VNEG35967561156410,Withdrawal,2079.07,GBP,Pending,Gallagher-Barrett,Dawnborough
04a80d53-189c-4acc-9e6d-0aa6906121ad,2024-11-16,GB48ISUQ21513939806536,Payment,2789.16,CHF,Failed,Mcdonald-Rhodes,Grayton
5262e235-a8d2-4270-9373-1c627015f06d,2024-07-05,GB03ZYPP70578706085206,Payment,2369.07,USD,Completed,Maldonado-Smith,South Feliciachester
e312ad64-65b1-46e4-bf18-9f96083882cd,2024-12-24,GB53WVOY52863698339837,Withdrawal,2902.41,EUR,Failed,Hoffman LLC,New Kenneth
9447754c-f918-4f9d-95b7-04b28559e504,2024-09-12,GB11HMJX49573526621249,Payment,4118.64,GBP,Failed,Hunter-Randolph,Cisnerosfort
edbad8c2-97d4-44d3-9337-9a8d72596741,2024-03-03,GB57NBYB31343248593095,Withdrawal,1820.01,GBP,Completed,Aguilar Group,East Angelicaside
66f1789d-955a-4651-bc8c-230826d74b54,2025-02-10,GB55SAII08946695162221,Withdrawal,3320.69,GBP,Failed,"Davis, Key and Lambert",Matthewmouth
e58d822d-04db-4ea5-824a-824e9b9d078a,2024-06-01,GB46SMGM76206612999349,Withdrawal,853.05,USD,Pending,Good-Chavez,Smithfurt
af29287f-01be-4282-9dde-6fe9325193be,2025-02-09,GB13HJQK91642767877920,Transfer,4294.95,EUR,Failed,"Ortega, Graham and Costa",East Dana
a46c11e8-2c32-4414-8726-6ee1f687b9e9,2024-06-06,GB75BRIA13421108819366,Deposit,2882.01,CHF,Pending,"Baird, Ruiz and Oliver",Port Davidberg
a8f9fc89-6080-41ba-9003-072276542a6c,2024-11-12,GB87JGLS58988949943241,Payment,3843.18,USD,Completed,Meyer Inc,Melanieberg
502a71af-0e4a-4823-822c-8e308281a30c,2024-07-19,GB82ZNRO86230567552952,Withdrawal,984.03,CHF,Pending,"Smith, Collins and Walters",Port Erin
f50fe724-6cea-4d10-8927-3fe8382cc6b1,2024-11-08,GB84MJJT25450444508238,Transfer,295.71,GBP,Pending,Davis-Hayes,Ericborough
5a1a3c02-2b7d-460e-b342-e2b937754ec4,2024-08-13,GB04SLPP58641605907109,Transfer,3348.84,CHF,Failed,Flores Group,Gordonbury
ffb3a3e1-d856-40a9-9587-ffcdadb0d6b0,2024-09-24,GB52XCCF56055960646953,Deposit,4840.99,GBP,Pending,"Logan, Mathews and Price",Mcculloughbury
e59285f0-21bd-4372-acc5-044cd0d690a3,2024-09-18,GB27ROIG27853579185917,Transfer,4619.93,USD,Failed,"Hayes, Perez and Kirk",West Heatherville
eeb83d5a-0a11-4b65-8c2f-b53127db82d8,2024-03-14,GB94SKZI43534563287723,Deposit,199.4,USD,Pending,Wilson-Lucas,Jacobchester
635b67b0-6d70-46bb-9a4a-2c6500d595e7,2024-07-19,GB81MSVP82874070017119,Withdrawal,489.61,USD,Completed,Lewis Ltd,Carriehaven
706e5d88-6aab-4d31-bca9-411c41076ebd,2024-08-23,GB15RMYB06238365547196,Deposit,481.62,EUR,Failed,Bradley-Bray,Lake Amanda
7e9e337c-2756-4d46-ad9d-5a3e49a71008,2025-01-25,GB67IMJF16400739661897,Payment,1179.04,EUR,Completed,"Turner, Flores and Sampson",Thomasside
ec5b9488-1daf-464f-93dd-02b14149990f,2024-07-25,GB02WASZ29186735005234,Payment,3702.92,CHF,Completed,Vazquez Inc,New Daryl
498aec89-888f-481b-b30a-d20bd00a83f3,2024-09-20,GB92EGYU03013620855952,Deposit,2966.28,EUR,Pending,Smith Group,North Jessicamouth
cb2a2c47-35dd-4466-9218-72ff0bf3704d,2024-08-14,GB44EXWW52505713752540,Deposit,4255.19,CHF,Failed,Willis PLC,Amberburgh
4be252c7-9db4-4dea-bbf1-0b233db1e498,2024-08-05,GB17ZLVE21054867835367,Transfer,4987.83,EUR,Pending,"Mcdaniel, Price and Matthews",Wileyville
837ed6af-f8a0-406a-9c2b-f6c5e5953482,2024-11-17,GB83FXQN50660754616551,Transfer,137.12,USD,Failed,"Stein, Kim and Ballard",Laurenport
f343f385-6041-48dc-ab07-df04e492c2c6,2024-06-06,GB80OPLP91850072940078,Payment,2353.98,USD,Completed,Harrison Ltd,Port Daniel
62f1022a-39c6-4082-8edf-74c124080bb0,2024-08-11,GB38WQIL43660569702327,Deposit,550.53,USD,Pending,"Wood, Mccullough and Ballard",Hunterton
931c7bb5-5329-4d14-94b7-22c54af7238e,2025-01-29,GB69JKDH98561007150756,Deposit,3579.06,EUR,Pending,Berry and Sons,South Kimberly
29d30fd5-a270-4c92-988c-0b9c53f36ad9,2024-05-15,GB70AOVB93229573680385,Deposit,1292.43,EUR,Pending,Brooks-White,East Monica
4c90caa1-7395-4ba4-bb72-d89b435ea7ee,2024-11-10,GB02ZJDY51931380867366,Transfer,1694.0,CHF,Completed,Gould Inc,Lake Joseph
17aa0f20-5b0a-4e72-9f11-99dcae291f88,2024-07-23,GB74FYRV95484252371623,Transfer,3217.14,GBP,Pending,Simmons-Kelly,Andersonhaven
d827ddb8-4017-4d8e-8d02-00d634ba2ac4,2024-11-14,GB17XTIA04684019332775,Deposit,4313.22,GBP,Completed,"Diaz, Mcdaniel and Garcia",Thompsonberg
355f82c0-01db-4556-8401-5f2e21453df1,2024-06-15,GB34YZOC92706791159504,Deposit,1501.13,CHF,Failed,"Lane, Sandoval and Turner",South Cherylberg
c27cb66a-9fbd-407d-a71d-1b4904f23fa5,2024-11-15,GB93XCOS39977784145191,Withdrawal,3838.73,CHF,Completed,"Carter, Smith and Smith",Virginiaview
fd4d3594-9348-48fe-a8a2-4528845d9bf5,2024-10-22,GB54DSYD37550268564982,Payment,4763.84,USD,Failed,"Miranda, Guerrero and Peters",Jamesshire
5e22a373-b8ed-4c8d-ab0f-d03b19885a97,2024-03-28,GB05TEYH88437971848644,Transfer,2933.75,CHF,Pending,"Durham, Duncan and Meyer",Brownborough
22304cc2-7a06-4179-86c1-ea7f9fbe7f1a,2024-10-07,GB95AOJL11133101364637,Deposit,4913.77,EUR,Completed,"Morrison, Campbell and Lopez",South Williambury
d56f3bd4-d5bc-4f82-924e-85d0b16acaa7,2024-03-03,GB06SBCS15784535464401,Deposit,4977.07,EUR,Failed,Adams PLC,Sarahfort
aeb588c5-f492-4dc4-91b3-026dcad18d1d,2024-11-28,GB11WTSU75999347902770,Deposit,4918.77,GBP,Failed,"Johnston, Glenn and Schmidt",Warnermouth
f3179324-a564-4ba4-8ade-2162abd610ae,2024-03-06,GB93JDGP97344242549314,Deposit,316.28,CHF,Failed,"Ingram, Stewart and Spencer",North Heather
e209c259-b9a1-4612-8f8c-de4e497a8539,2024-05-15,GB31GAPQ63680465267034,Withdrawal,462.94,USD,Failed,Townsend Ltd,West Jane
d67fc63c-fe95-49e4-a1fa-c3f7d0c21992,2024-07-10,GB96KDKQ46297223883735,Withdrawal,1296.41,EUR,Completed,"Rice, Wood and Gibson",East Linda
32ef486c-6a80-4b9d-b860-b2c820f54ce9,2024-04-14,GB66WKCS95679035733512,Withdrawal,461.27,GBP,Completed,Morton-Brooks,New Robertberg
d3d27239-cbda-4ce1-9e5f-887c65706548,2024-12-28,GB26CYTN72588298677644,Payment,2509.31,USD,Pending,"Madden, Lane and Hamilton",Anthonychester
